{"pose": {"position": {"y": -0.8162584776485564, "x": -2.084074263589364, "z": 0.0}, "orientation": {"y": 0.0, "x": 0.0, "z": 0.6694785913758351, "w": 0.7428313507717803}}, "id": "2018-09-17_09:55:06", "name": "1"}
