{"position": {"y": 0.3796653064877188, "x": -0.2657650322033363, "z": 0.13800000000000007}, "orientation": {"y": 0.0, "x": 0.0, "z": 0.9185015416859925, "w": 0.39541739708876605}}
